No;Şirket Adı
2;https://www.redpaint.com.tr
3;http://www.aprofil.com.tr
4;https://www.absyapi.com.tr
5;http://www.winworld.net
6;http://www.adakayapanel.com.tr
7;https://www.adalicam.com.tr
8;http://www.politile.com
9;http://www.gomel-fox.com
10;http://www.ademsan.com
11;https://www.aycit.com
12;http://www.agsmetal.com
13;https://www.ribatpanel.com
14;https://www.aslansoy.com.tr
15;http://www.camkumu.com
16;https://www.akdagtasyunu.com
17;http://www.akkim.net
18;http://www.aksansomine.com.tr
20;http://www.alamana.com.tr
21;http://www.alfa07.com.tr
22;http://www.alphamachinerymakina.com
24;http://www.alternatifyayincilik.com
25;https://www.alucahsap.com
26;http://www.alutem.com.tr
27;http://www.bayroller.com
28;https://www.anasmetal.com
29;https://www.albayrakmakina.com.tr
30;http://www.fiberglasswiremesh.com
31;http://www.apaydinmetal.com.tr
32;http://www.aquatex.com.tr
33;http://ARADSAN.COM
35;http://www.arbor.com.tr
36;http://www.arfenaluminyum.com.tr
37;https://www.arfen.com
38;http://www.arfen.com.tr
39;http://www.argmekanik.com
40;http://www.arkitech.com.tr
41;http://www.armaganas.com
44;http://www.asplastik.net
45;http://www.asder.org
46;http://www.hncyapi.com
47;http://www.asteknik.com
48;http://www.aydemirlergergitavan.com
49;http://www.ayescelik.com
50;http://www.ayrintireklam.com.tr
51;http://www.mervaks.com
54;http://www.watershield.com.tr
57;http://www.baumees.com.tr
58;http://www.bekaert.com
59;http://www.bemaxmetal.com.tr
61;https://www.gardellagarden.com
62;https://www.betonasfalti.it
65;http://www.bilsan-eva.com
66;http://www.biotel.ro
67;http://www.birliktel.com.tr
68;https://www.bostik.com
69;http://www.boyutcompany.com
71;http://www.brodecor.net
72;http://www.buildingsmartturkiye.org
73;http://www.burakgalvaniz.com
74;http://www.bytechboya.com.tr
75;http://www.cagritelcit.com
76;https://www.cagsanmerdiven.com
77;http://www.caparyapi.com.tr
78;https://www.carankimya.com
79;http://www.cemaxmuhendislik.com.tr
80;http://www.cetinmuhendislik.com.tr
82;http://www.ceylanbranda.com
83;http://www.ceylanlarmetal.com
84;https://www.titanflor.com
85;http://www.dayao-china.com
86;https://cihanlar.com.tr/
88;http://www.cleverpolymers.com
89;http://www.icnbm.com
90;http://www.cohui.cn
92;http://crendustri.com
94;http://www.deck-er.com
95;https://www.decoala.com
96;http://www.dekovizyon.com
97;http://www.dekonil.com
99;https://www.dekorafence.com
100;http://www.demircimakina.com.tr
101;http://www.demirhan.com.tr
102;http://www.did.org.tr
103;http://www.derbykimya.com
106;https://www.dizayngrup.com
108;http://www.dmmet.com
109;http://www.hf-steel.com
111;http://www.dortdivan.com
112;http://www.downwaste.com
113;http://www.duplas.com.tr
115;https://www.ebyapi.com
116;https://www.tumov.pro
117;http://www.efecegalvaniz.com
119;https://www.efectis.com
120;http://www.egeliplast.com.tr
121;https://www.egepanel.com.tr
122;http://www.ekipspor.com.tr
124;http://www.kanek.com.tr
125;http://www.elbabant.com
127;http://www.elexlaminat.com.tr
128;https://www.elfasansor.com
129;http://www.emekkapi.com
130;https://www.enolgas.it
131;http://www.epsder.org.tr
132;http://www.epsilon.tc
133;http://www.epsmakine.com
134;www.erguvenelaletleri.com
135;http://www.erkanltd.com
136;http://www.ermo.com.tr
137;http://www.eskametal.com
139;http://www.cakmakmetal.com
140;https://www.everestkapi.com.tr
141;http://www.evocit.com
142;http://www.insaatdunyasi.com.tr
143;http://www.tr-stones.com
144;http://www.panoramiknanomermer.com
145;http://www.fatih.com.tr
146;http://www.fd-grup.com
147;http://www.fenceas.com
148;http://www.ferplast.com.tr
149;http://www.fineagles.com
150;http://www.flekssit.com.tr
151;https://www.subterra.com.tr
153;http://www.formfabrika.com
154;https://www.fujiengineering.com
155;http://www.gemonltd.com
158;http://www.geomas.com.tr
159;http://www.geoser.com.tr
162;https://www.goldfix.com.tr
163;http://www.gooplast.com
164;http://www.grandcelikkapi.com
165;http://www.gurbetciler.com.tr
166;https://www.gurdagbrick.com
167;http://www.gurdalkapi.com.tr
168;http://www.halatbranda.com.tr
170;https://www.hansomine.com
171;http://www.haregrup.com.tr
172;http://www.onaltgroup.com
173;http://www.hasepentegre.com.tr
174;https://www.haskacelikkapi.com
176;http://www.jingaofiberglass.com
178;http://www.horozdemir.com
179;http://www.httf.com.tr
180;https://www.vegayapisal.com.tr
181;http://www.inancbant.com
182;http://www.inohom.com
184;http://www.isikgroup.com
185;https://www.isiklartugla.com.tr
186;http://www.iskaiskele.com
187;http://www.iksd.com.tr
188;http://www.kisbu.com
190;http://www.iston.istanbul
192;http://itm-kalip.com.tr
194;https://www.izofen.com
195;http://www.izolekiremit.com.tr
196;http://www.izopiyer.com.tr
197;http://www.izoplast.com.tr
198;http://www.jaguarexim.com
199;http://www.javaboru.com
201;http://www.tyfibre.com
202;https://www.weldingmachine.cn
203;http://www.kanat.com
204;http://www.kapellabaca.com
206;http://www.karplus.com.tr
209;http://www.karumbilisim.com
211;http://www.kaygunmetal.com.tr
212;http://www.kecelitelorgu.com
213;http://www.kemerix.com.tr
214;http://www.kermitfloor.com
216;http://www.kivircikpaspas.com.tr
218;http://www.kompozit.org.tr
219;http://www.konaktel.com.tr
220;https://www.kopuzlareva.com
221;http://www.kosedag.com.tr
222;http://www.koster.com.tr
223;http://www.kozeline.com
224;http://www.kuleconcept.com
225;http://www.kuleconcept.com
226;http://www.kumtel.com
227;http://ladix.com.tr
228;http://lamasatgrup.com
229;http://www.lfyuesen.com
231;http://www.liderdekoratif.com
232;http://www.holz-house.ru
234;https://www.ltcoatingcoil.com
235;https://www.marrob.ru
236;https://www.lsk.com.tr
237;https://www.luxell.com.tr
238;http://www.maltepedemir.com
239;http://www.marselevator.com
240;https://www.masialux.com
241;http://www.masterchem.com.tr
242;https://www.masterepoksi.com
243;http://www.mm-holz.com
244;https://www.medmar.com.tr
245;http://www.merkurgold.com
246;https://www.merlotmermer.com
247;http://www.mertoglu.com.tr
248;http://www.metal20.com.tr
249;http://www.metamarmarble.com
250;https://www.metapanel.com.tr
251;http://www.metepanel.com.tr
253;http://www.mhtendustri.com
254;https://www.milpas.com.tr
255;http://www.desentas.com.tr
256;http://www.mirka.com.tr
257;http://www.mkbmetalkiremit.com
258;http://www.mksmetal.com.tr
259;https://www.modtasarim.com
261;http://www.mwmtechnic.com
263;https://www.namsa.com.tr
264;https://www.natilon.com
265;http://www.onnox.com.tr
266;http://www.umutroofwindows.com
267;http://www.nesasistem.com
268;https://www.netfloor.com.tr
271;http://www.normo.com.tr
272;http://www.novawood.com
274;http://www.pvcasmatavan.net
275;https://www.ozelkim.com
276;http://www.omniskompozit.com 
277;https://www.onaltimetal.com.tr
278;http://www.thermosiding.com.tr
280;http://www.onurpipe.com
283;http://www.opalcelik.com
284;http://www.rexon.com.tr
285;https://www.ozbensavunma.com
286;http://www.ozdemirbaglar.com
287;http://www.ozleriskele.com
288;http://www.ozselin.com
289;http://www.panastone.com.tr
290;http://www.homofaber.ro
291;http://www.panelder.org
292;http://www.pukad.org
293;http://www.pencerecephedergisi.com
295;http://www.petekkontrplak.com
296;http://www.pinahavuz.com
297;https://www.pnrdoor.com
298;https://www.pivotdoor.com.tr
299;http://www.dnc.com.tr
301;https://www.polure.com
302;http://www.polyfibers.com
303;https://www.portisan.com.tr
304;http://www.porvil.com
305;http://www.potech.com.tr
307;http://www.promast.com.tr
308;http://www.proplas.com.tr
309;https://www.proplastpvc.com
310;http://www.protanturkey.com
311;https://www.protechglobal.com.tr
313;https://www.qdb.qa
315;http://www.sl-machine.com
316;http://www.rafahsap.com
317;http://www.ramsoy.com.tr
319;http://www.retroparke.com.tr
320;http://www.revestech.es
322;http://www.rollfenmakina.com
323;https://www.rollpanel.com
324;https://www.rothoblaas.com
326;http://www.sahanlarahsap.com.tr
327;http://www.salvadorpaint.com
328;http://www.samet.com.tr
329;http://www.smsarayli.com.tr
330;https://www.sarpanorman.com/
331;http://www.savaselek.com.tr
332;https://www.sbyapiinsaat.com
333;https://www.scafformmetal.com.tr
334;https://www.scientificfloor.com
335;http://www.segerorman.com.tr
336;http://www.selsil.com
338;http://www.senayapi.com.tr
339;http://www.sertelvida.com
341;https://www.setyapi.net
342;https://www.tr.sfs.com
346;http://www.chinaintek.com
348;http://www.jdfloor.cn
349;http://www.likegro.com
350;http://www.hqjj.com
351;https://www.shehkai.com
352;http://www.decorativewiremesh.com
353;http://www.ailinmesh.com
354;http://www.sibakimya.com.tr
355;http://www.sompaper.com.tr
357;http://www.sotas.com.tr
358;http://www.sratrading.com
359;http://www.starbondmetal.com
360;http://www.treumix.com
361;https://www.stella-pro.ru
362;http://www.stilspor.com
363;http://www.stopgrup.com
365;http://www.mechadvisor.com
366;http://www.severmakine.com
369;http://www.tantimber.com
370;https://www.tavsis.com.tr
371;http://www.techelfrp.com
372;https://www.tekram.com.tr
373;https://www.telcimaksan.com
374;http://www.teotech.com.tr
375;http://www.terrawool.com
376;http://www.tetradoor.com
379;http://www.tic-m.com
380;http://www.tis.com.tr
382;http://www.tokozint.com
383;http://www.torkasansor.com
384;http://www.tosyakeskincelik.com
385;https://www.tromer.com.tr
386;https://www.thbb.org
387;http://www.imsad.org
389;http://naturalefekt.com
391;https://www.univalsrl.it
392;https://www.uzngrup.com
394;http://www.vakumaks.com
395;http://www.valpaint.it
396;http://www.sefamodeka.com
397;https://www.vikingplastik.com
398;http://www.windoform.com.tr
399;http://www.vitatel.com.tr
400;https://www.vkf-renzel.com.tr
402;https://www.winland.com.tr
403;https://www.wisdombuildingmaterials.com
404;http://www.wkb-systems.com
405;http://www.wolvesasansor.net
406;https://www.workindo.com
408;http://www.dahezbforming.com
409;http://www.xinmafiberglass.com
410;https://www.yakadoor.com.tr
411;https://www.china-bristle.com
412;http://www.yapiinsaatdergisi.com
413;http://www.yapimagazin.com
414;http://www.yapiset.com.tr
415;http://www.yapkimsan.com
417;http://www.yazlar.com.tr
418;http://www.yedamermer.com
419;http://www.yemkitabevi.com
421;https://www.yildizdoorcelikkapi.com
422;http://www.yilsanfirca.com.tr
424;http://www.isolion.com.tr
426;http://www.zenonpanel.com
428;http://www.china-fuxin.com
429;http://www.geartech.cn
430;http://www.huanrifaucet.com
431;http://www.zjmsd.com
432;http://www.wuxinprint.com
